model,control_type,guide,responses,cases,correct_decisions,wrong_full_approvals,unsupported_responses,needless_withholding,supported_responses
qwen,clean_rescue,competent,8,2,1,0,0,7,8
qwen,clean_rescue,inventory,8,2,5,0,0,3,8
qwen,clean_rescue,matching,8,2,3,0,0,5,8
qwen,production_gate,competent,8,2,0,0,0,8,8
qwen,production_gate,inventory,8,2,0,0,0,8,8
qwen,production_gate,matching,8,2,2,0,0,6,8
qwen,inaccessible_archive,competent,8,2,1,0,0,7,8
qwen,inaccessible_archive,inventory,8,2,0,0,0,8,8
qwen,inaccessible_archive,matching,8,2,2,0,0,6,8
qwen,nonmemory_mismatch,competent,8,2,7,1,8,0,0
qwen,nonmemory_mismatch,inventory,8,2,5,1,8,0,0
qwen,nonmemory_mismatch,matching,8,2,3,4,8,0,0
qwen,failed_outcome,competent,8,2,1,0,8,0,0
qwen,failed_outcome,inventory,8,2,0,0,8,0,0
qwen,failed_outcome,matching,8,2,0,0,8,0,0
qwen,engineering_only,competent,8,2,4,0,0,4,8
qwen,engineering_only,inventory,8,2,4,0,0,4,8
qwen,engineering_only,matching,8,2,5,0,0,3,8
qwen,unknown_gate,competent,8,2,8,0,8,0,0
qwen,unknown_gate,inventory,8,2,6,0,8,0,0
qwen,unknown_gate,matching,8,2,7,0,8,0,0
qwen,wrong_gate_scope,competent,8,2,7,0,8,0,0
qwen,wrong_gate_scope,inventory,8,2,3,2,8,0,0
qwen,wrong_gate_scope,matching,8,2,8,0,8,0,0
qwen,same_length_mismatch,competent,8,2,3,0,8,0,0
qwen,same_length_mismatch,inventory,8,2,4,3,8,0,0
qwen,same_length_mismatch,matching,8,2,0,0,8,0,0
qwen,order_change,competent,8,2,5,0,8,0,0
qwen,order_change,inventory,8,2,3,0,8,0,0
qwen,order_change,matching,8,2,5,0,8,0,0
gemma,clean_rescue,competent,8,2,6,0,0,2,8
gemma,clean_rescue,inventory,8,2,6,0,0,2,8
gemma,clean_rescue,matching,8,2,8,0,0,0,8
gemma,production_gate,competent,8,2,8,0,0,0,8
gemma,production_gate,inventory,8,2,8,0,0,0,8
gemma,production_gate,matching,8,2,8,0,0,0,8
gemma,inaccessible_archive,competent,8,2,8,0,0,0,8
gemma,inaccessible_archive,inventory,8,2,8,0,0,0,8
gemma,inaccessible_archive,matching,8,2,8,0,0,0,8
gemma,nonmemory_mismatch,competent,8,2,8,0,8,0,0
gemma,nonmemory_mismatch,inventory,8,2,8,0,8,0,0
gemma,nonmemory_mismatch,matching,8,2,8,0,8,0,0
gemma,failed_outcome,competent,8,2,8,0,8,0,0
gemma,failed_outcome,inventory,8,2,8,0,8,0,0
gemma,failed_outcome,matching,8,2,8,0,8,0,0
gemma,engineering_only,competent,8,2,8,0,0,0,8
gemma,engineering_only,inventory,8,2,8,0,0,0,8
gemma,engineering_only,matching,8,2,8,0,0,0,8
gemma,unknown_gate,competent,8,2,8,0,8,0,0
gemma,unknown_gate,inventory,8,2,8,0,8,0,0
gemma,unknown_gate,matching,8,2,8,0,8,0,0
gemma,wrong_gate_scope,competent,8,2,8,0,8,0,0
gemma,wrong_gate_scope,inventory,8,2,8,0,8,0,0
gemma,wrong_gate_scope,matching,8,2,8,0,8,0,0
gemma,same_length_mismatch,competent,8,2,8,0,8,0,0
gemma,same_length_mismatch,inventory,8,2,8,0,8,0,0
gemma,same_length_mismatch,matching,8,2,8,0,8,0,0
gemma,order_change,competent,8,2,6,2,8,0,0
gemma,order_change,inventory,8,2,8,0,8,0,0
gemma,order_change,matching,8,2,7,1,8,0,0
